Dataset,Query,Millisecondi
25%,Query 1,15.003204345703125
25%,Query 2,8.002996444702148
25%,Query 3,6.999731063842773
25%,Query 4,7.000923156738281
