Dataset,Query,Millisecondi,Media,"Intervallo di Confidenza (Min, Max)"
25%,Query 1,2.000570297241211,2.000570297241211,"(1.6607753901296718, 2.34036520435275)"
25%,Query 2,1.9617557525634766,1.9617557525634766,"(1.6759881871926752, 2.247523317934278)"
25%,Query 3,2.464914321899414,2.464914321899414,"(1.8960556713071401, 3.033772972491688)"
25%,Query 4,2.100658416748047,2.100658416748047,"(1.9212349890808977, 2.280081844415196)"
