Dataset,Query,Millisecondi
25%,Query 1,14.002084732055664
25%,Query 2,1.9981861114501953
25%,Query 3,2.001523971557617
25%,Query 4,1.9996166229248047
