Dataset,Query,Millisecondi,Media,"Intervallo di Confidenza (Min, Max)"
25%,Query 1,12.246100107828775,12.246100107828775,"(6.222107821162608, 18.27009239449494)"
25%,Query 2,8.704702059427897,8.704702059427897,"(8.250911633351508, 9.158492485504285)"
25%,Query 3,8.635187149047852,8.635187149047852,"(8.084708379420865, 9.185665918674838)"
25%,Query 4,10.066461563110352,10.066461563110352,"(8.683065320520615, 11.449857805700088)"
